Customer_ID,Age,Tenure,Monthly_Charges,Support_Calls,Late_Payments,Contract,Churn
C0001,56,35,2903,2,5,Monthly,0
C0002,69,51,3829,0,5,Monthly,1
C0003,46,15,1088,6,1,Monthly,1
C0004,32,25,2512,4,1,Yearly,0
C0005,60,55,2047,3,5,Monthly,1
C0006,25,37,794,9,3,Monthly,1
C0007,38,28,2485,3,3,Yearly,0
C0008,56,10,3617,3,2,Yearly,0
C0009,36,39,2190,5,4,Monthly,1
C0010,40,57,1636,7,2,Monthly,1
C0011,28,17,2564,7,4,Monthly,1
C0012,28,39,4955,4,1,Monthly,1
C0013,41,22,1507,5,0,Monthly,1
C0014,53,26,3014,3,2,Yearly,0
C0015,57,44,4026,10,2,Monthly,1
C0016,41,25,1747,8,4,Yearly,1
C0017,20,17,4402,7,1,Monthly,1
C0018,39,13,1935,9,1,Monthly,1
C0019,19,20,1071,9,4,Monthly,1
C0020,41,25,2882,0,1,Monthly,0
C0021,61,4,1745,1,5,Yearly,0
C0022,47,10,2584,8,3,Yearly,1
C0023,55,3,777,7,5,Monthly,1
C0024,19,41,2387,2,0,Yearly,0
C0025,38,45,1765,7,2,Yearly,0
C0026,50,18,1540,0,0,Monthly,1
C0027,29,47,1417,9,2,Yearly,1
C0028,39,36,1385,3,3,Monthly,1
C0029,61,47,3252,2,1,Monthly,1
C0030,42,22,521,5,5,Yearly,1
C0031,66,34,3691,6,4,Monthly,1
C0032,44,47,2853,3,5,Monthly,1
C0033,59,8,1186,6,3,Yearly,1
C0034,45,40,784,8,0,Monthly,1
C0035,33,49,4247,10,4,Monthly,1
C0036,32,44,1262,1,1,Yearly,0
C0037,64,19,2928,10,3,Monthly,1
C0038,68,42,3007,2,4,Monthly,1
C0039,61,41,528,4,3,Yearly,0
C0040,69,37,1406,2,3,Monthly,0
C0041,20,6,3604,10,1,Monthly,1
C0042,54,52,4499,7,2,Yearly,1
C0043,68,26,3494,9,4,Yearly,1
C0044,24,34,3006,7,1,Monthly,1
C0045,38,59,4109,7,3,Yearly,1
C0046,26,56,4053,8,1,Yearly,1
C0047,56,59,1953,3,2,Monthly,1
C0048,35,45,3856,4,5,Monthly,1
C0049,21,6,1015,4,4,Monthly,1
C0050,42,37,538,7,2,Yearly,1
C0051,31,57,3842,6,0,Monthly,1
C0052,67,33,1386,8,4,Monthly,1
C0053,26,53,3344,7,2,Yearly,1
C0054,43,22,2704,1,3,Yearly,1
C0055,19,21,1598,9,4,Monthly,1
C0056,37,6,2323,3,4,Monthly,1
C0057,45,6,3701,5,1,Monthly,1
C0058,64,55,3655,1,3,Monthly,1
C0059,24,48,3593,6,0,Yearly,1
C0060,61,4,4030,2,5,Yearly,1
C0061,25,30,4278,2,2,Monthly,1
C0062,64,11,3396,10,1,Monthly,1
C0063,52,30,3953,1,2,Yearly,0
C0064,31,31,4011,10,0,Monthly,1
C0065,34,24,1488,7,0,Monthly,1
C0066,53,55,4616,5,4,Monthly,1
C0067,67,9,4526,0,0,Monthly,1
C0068,57,55,4679,0,2,Yearly,0
C0069,21,3,2182,6,3,Monthly,1
C0070,19,51,4463,7,3,Monthly,1
C0071,23,31,1433,4,4,Monthly,1
C0072,59,40,4098,10,5,Yearly,1
C0073,21,37,3733,4,2,Monthly,1
C0074,46,36,2480,3,2,Monthly,0
C0075,35,24,2355,5,0,Monthly,0
C0076,43,31,3556,5,2,Monthly,1
C0077,61,6,1292,2,1,Monthly,1
C0078,51,2,1291,8,5,Monthly,1
C0079,27,20,2309,10,0,Monthly,0
C0080,53,28,2755,6,1,Monthly,1
C0081,31,11,4110,0,4,Yearly,1
C0082,48,4,2107,6,3,Monthly,1
C0083,65,15,1484,4,4,Monthly,1
C0084,32,6,4176,4,3,Monthly,1
C0085,25,54,3880,1,4,Yearly,1
C0086,31,49,1019,3,2,Monthly,1
C0087,40,30,1090,5,1,Yearly,1
C0088,57,56,1550,9,3,Yearly,0
C0089,38,38,4133,10,0,Monthly,1
C0090,33,51,4944,6,1,Yearly,0
C0091,62,57,1459,10,0,Monthly,1
C0092,35,2,1192,4,1,Monthly,1
C0093,64,15,4399,8,1,Yearly,0
C0094,41,11,4973,2,4,Yearly,1
C0095,43,8,3446,0,3,Monthly,1
C0096,42,26,1026,3,3,Monthly,1
C0097,62,51,3724,8,1,Monthly,1
C0098,58,45,2753,3,2,Yearly,0
C0099,46,44,3844,1,2,Monthly,0
C0100,32,5,4465,9,0,Monthly,1
C0101,62,6,2375,4,0,Monthly,0
C0102,18,26,2263,2,4,Monthly,1
C0103,42,54,1020,8,1,Yearly,1
C0104,24,4,1516,3,0,Monthly,1
C0105,26,19,616,5,0,Yearly,0
C0106,41,20,2933,1,5,Monthly,1
C0107,18,33,1083,5,1,Yearly,0
C0108,61,20,894,2,4,Monthly,1
C0109,25,49,4288,8,0,Monthly,1
C0110,41,12,3268,10,4,Monthly,1
C0111,28,47,4667,1,3,Monthly,1
C0112,68,1,4360,8,4,Monthly,1
C0113,34,26,773,4,2,Yearly,0
C0114,25,14,2513,7,2,Yearly,0
C0115,52,38,4933,1,4,Monthly,1
C0116,52,37,1889,5,2,Monthly,1
C0117,50,11,4066,2,3,Monthly,1
C0118,22,36,665,9,1,Monthly,0
C0119,59,13,2067,4,2,Yearly,0
C0120,56,43,1228,7,2,Yearly,1
C0121,58,3,2543,9,4,Monthly,1
C0122,45,33,4697,0,3,Monthly,1
C0123,24,6,3996,4,1,Monthly,1
C0124,26,50,1278,2,4,Yearly,0
C0125,25,56,713,3,4,Monthly,0
C0126,29,10,4262,1,5,Yearly,1
C0127,51,5,2076,8,3,Yearly,1
C0128,50,23,2948,2,1,Monthly,0
C0129,65,10,3436,1,3,Yearly,1
C0130,40,44,3617,9,1,Monthly,1
C0131,41,2,1091,10,3,Yearly,1
C0132,54,13,3220,8,4,Monthly,1
C0133,52,40,1213,6,4,Monthly,1
C0134,61,2,1435,5,0,Yearly,1
C0135,57,20,4837,0,2,Yearly,0
C0136,39,1,501,4,5,Yearly,1
C0137,44,37,3348,10,3,Monthly,1
C0138,52,9,4544,10,5,Yearly,1
C0139,18,17,2449,2,0,Monthly,0
C0140,52,9,1417,0,2,Yearly,0
C0141,54,11,3674,3,3,Monthly,1
C0142,64,15,2741,1,1,Yearly,0
C0143,31,24,589,1,2,Yearly,0
C0144,20,38,2209,2,4,Yearly,0
C0145,18,55,2669,7,0,Monthly,0
C0146,22,35,4738,7,2,Monthly,1
C0147,43,30,3541,6,2,Yearly,1
C0148,31,31,605,5,4,Monthly,1
C0149,56,49,1386,8,3,Yearly,1
C0150,44,5,927,3,1,Monthly,1
C0151,26,60,2395,0,4,Monthly,0
C0152,32,44,816,7,1,Yearly,0
C0153,32,50,1134,6,3,Monthly,1
C0154,43,14,2425,6,2,Monthly,0
C0155,59,53,2556,2,1,Monthly,1
C0156,30,56,3644,3,0,Monthly,1
C0157,68,11,2770,9,0,Yearly,1
C0158,49,9,1939,8,4,Monthly,1
C0159,56,34,1052,5,3,Yearly,0
C0160,66,12,1215,4,4,Yearly,0
C0161,69,35,4411,2,4,Monthly,1
C0162,49,35,2213,8,5,Yearly,0
C0163,21,1,3889,4,4,Monthly,1
C0164,47,40,1607,4,5,Monthly,0
C0165,54,22,4706,3,0,Yearly,1
C0166,40,60,750,3,0,Monthly,0
C0167,56,29,2930,0,4,Monthly,1
C0168,62,8,2554,6,0,Monthly,1
C0169,32,11,958,8,3,Monthly,1
C0170,60,41,707,2,5,Monthly,0
C0171,46,37,1399,1,5,Yearly,0
C0172,53,14,3961,2,4,Monthly,1
C0173,30,60,3885,0,0,Monthly,1
C0174,49,30,521,5,1,Monthly,1
C0175,24,35,909,10,5,Monthly,1
C0176,68,21,1394,10,4,Monthly,1
C0177,39,37,1014,6,4,Monthly,1
C0178,45,5,4609,10,3,Monthly,1
C0179,19,19,2634,10,2,Monthly,0
C0180,59,59,4095,1,2,Monthly,0
C0181,62,14,3456,7,5,Monthly,1
C0182,23,26,2060,5,3,Yearly,0
C0183,45,4,1766,3,3,Yearly,1
C0184,45,25,2669,4,3,Monthly,1
C0185,61,45,4138,7,5,Yearly,1
C0186,61,42,1249,2,2,Yearly,0
C0187,37,25,3927,2,3,Monthly,1
C0188,47,18,2427,10,0,Monthly,1
C0189,28,40,4304,3,4,Yearly,0
C0190,45,8,4202,0,4,Yearly,1
C0191,42,39,2856,8,1,Monthly,0
C0192,56,40,2835,7,1,Yearly,0
C0193,50,14,806,7,5,Monthly,1
C0194,18,32,4165,9,5,Yearly,1
C0195,44,51,2489,5,4,Yearly,0
C0196,69,38,1161,6,0,Monthly,1
C0197,30,33,811,5,2,Yearly,1
C0198,58,23,3420,8,2,Monthly,1
C0199,20,15,1582,2,5,Yearly,1
C0200,56,33,3471,2,0,Yearly,0
C0201,23,25,1254,2,5,Monthly,1
C0202,25,17,4630,9,2,Monthly,1
C0203,44,33,852,2,5,Monthly,0
C0204,26,47,1402,8,3,Yearly,1
C0205,54,55,4388,3,5,Monthly,1
C0206,50,2,658,6,4,Yearly,1
C0207,68,14,2477,8,5,Monthly,1
C0208,59,53,1456,10,4,Monthly,1
C0209,61,40,2571,6,0,Monthly,1
C0210,41,40,903,8,2,Yearly,1
C0211,32,51,3279,2,1,Yearly,0
C0212,49,39,1887,3,1,Yearly,0
C0213,49,51,3953,7,2,Yearly,1
C0214,41,6,1455,5,1,Yearly,1
C0215,58,6,2212,4,5,Monthly,1
C0216,69,3,1773,3,0,Monthly,1
C0217,66,7,4311,7,0,Monthly,1
C0218,66,51,3125,0,2,Yearly,0
C0219,69,8,2882,8,1,Yearly,1
C0220,29,42,1941,0,5,Monthly,1
C0221,56,52,3479,7,0,Yearly,1
C0222,19,15,2297,3,0,Yearly,0
C0223,20,47,4890,8,3,Monthly,1
C0224,66,29,4509,10,3,Monthly,1
C0225,54,33,1894,4,0,Monthly,0
C0226,66,52,4781,2,2,Monthly,0
C0227,34,30,1769,8,4,Yearly,1
C0228,66,39,4214,10,4,Monthly,1
C0229,19,27,1029,8,5,Monthly,1
C0230,19,36,4123,3,0,Yearly,1
C0231,45,29,3458,10,0,Yearly,1
C0232,40,38,3414,3,0,Yearly,0
C0233,54,57,4091,7,2,Monthly,1
C0234,49,33,2647,1,3,Monthly,1
C0235,50,37,3869,8,0,Yearly,1
C0236,18,27,1439,5,0,Monthly,1
C0237,36,55,1025,8,1,Monthly,1
C0238,19,33,501,7,2,Monthly,1
C0239,61,4,874,6,5,Monthly,1
C0240,43,22,2840,0,0,Monthly,0
C0241,49,2,4505,2,1,Monthly,1
C0242,23,10,3552,10,4,Monthly,1
C0243,49,5,2865,1,5,Monthly,1
C0244,21,59,2025,4,0,Monthly,0
C0245,28,10,4976,4,0,Monthly,1
C0246,34,33,2146,4,1,Yearly,0
C0247,55,54,513,3,2,Monthly,0
C0248,41,38,2778,4,0,Monthly,1
C0249,22,13,3655,2,4,Monthly,1
C0250,69,31,629,0,0,Monthly,0
C0251,51,47,4314,4,4,Monthly,1
C0252,23,36,3716,8,5,Monthly,1
C0253,39,45,3438,8,5,Yearly,1
C0254,28,24,4428,3,3,Monthly,1
C0255,65,52,2540,2,3,Monthly,0
C0256,33,56,527,0,4,Yearly,0
C0257,50,15,2613,1,2,Monthly,0
C0258,26,29,1752,7,0,Monthly,1
C0259,23,8,4856,0,0,Monthly,1
C0260,33,5,2546,7,3,Yearly,1
C0261,46,29,4523,6,4,Monthly,1
C0262,20,47,4896,7,0,Monthly,1
C0263,37,4,3874,5,0,Monthly,1
C0264,53,12,3966,8,2,Yearly,0
C0265,36,45,3581,2,1,Monthly,1
C0266,43,2,4278,9,3,Yearly,1
C0267,20,27,1129,3,3,Monthly,1
C0268,36,31,769,5,1,Yearly,1
C0269,37,51,3139,7,0,Yearly,1
C0270,49,51,2493,4,2,Monthly,0
C0271,24,36,3391,2,2,Monthly,1
C0272,69,36,3932,5,3,Monthly,1
C0273,58,26,1780,3,2,Monthly,1
C0274,50,43,2860,8,5,Yearly,1
C0275,57,27,1075,2,1,Monthly,0
C0276,56,5,1807,3,0,Monthly,1
C0277,35,20,3692,6,5,Monthly,1
C0278,57,11,3678,6,1,Yearly,1
C0279,18,10,3234,3,4,Monthly,1
C0280,28,40,2712,5,3,Monthly,1
C0281,45,38,2852,2,2,Monthly,1
C0282,42,6,4068,5,4,Yearly,1
C0283,67,8,2155,1,2,Monthly,1
C0284,40,23,2079,7,5,Monthly,1
C0285,48,47,2703,1,0,Monthly,0
C0286,47,26,1890,10,0,Monthly,1
C0287,59,46,2242,6,0,Monthly,1
C0288,52,43,2425,8,2,Yearly,0
C0289,24,12,1119,0,4,Yearly,0
C0290,33,26,1774,7,0,Monthly,0
C0291,43,13,1456,6,4,Yearly,0
C0292,65,40,2439,5,2,Monthly,1
C0293,69,18,4453,5,5,Yearly,1
C0294,66,25,2881,5,4,Yearly,1
C0295,19,33,1468,8,5,Monthly,1
C0296,18,47,1816,1,2,Yearly,0
C0297,65,40,1543,0,2,Monthly,0
C0298,29,60,781,5,3,Monthly,1
C0299,22,43,3344,9,2,Monthly,1
C0300,54,12,1558,10,2,Monthly,1
C0301,49,44,4793,7,1,Yearly,0
C0302,26,36,3032,2,0,Yearly,1
C0303,58,48,4328,9,3,Monthly,1
C0304,52,4,1508,0,3,Yearly,1
C0305,36,5,1729,8,3,Yearly,1
C0306,65,56,1535,0,1,Monthly,0
C0307,33,37,775,2,5,Monthly,1
C0308,20,8,3240,7,2,Monthly,1
C0309,37,42,2789,2,0,Yearly,0
C0310,41,49,1739,3,4,Yearly,0
C0311,50,28,625,7,5,Monthly,1
C0312,41,31,4565,0,2,Yearly,0
C0313,69,58,4812,5,1,Monthly,1
C0314,28,9,4368,0,2,Monthly,1
C0315,66,54,1708,0,2,Monthly,0
C0316,25,51,3749,7,1,Monthly,1
C0317,53,29,1418,10,3,Monthly,1
C0318,55,14,4423,3,3,Monthly,1
C0319,57,40,4903,0,0,Monthly,1
C0320,37,41,2469,9,0,Monthly,0
C0321,52,22,3293,6,3,Monthly,1
C0322,65,11,1391,4,5,Yearly,1
C0323,42,23,4970,4,4,Monthly,1
C0324,52,1,2533,0,2,Yearly,1
C0325,42,46,1864,9,4,Monthly,1
C0326,46,37,628,10,2,Monthly,1
C0327,35,21,1514,5,3,Yearly,0
C0328,63,26,2299,8,0,Monthly,0
C0329,35,46,2018,8,5,Monthly,1
C0330,19,36,4681,7,0,Yearly,1
C0331,52,54,1698,4,4,Monthly,0
C0332,33,23,4373,0,0,Monthly,1
C0333,58,57,2974,8,3,Monthly,1
C0334,53,1,3985,0,5,Monthly,1
C0335,50,54,4549,7,4,Monthly,1
C0336,21,55,4219,4,5,Monthly,1
C0337,50,51,802,2,2,Yearly,0
C0338,31,40,4452,10,0,Yearly,1
C0339,38,15,1486,6,5,Yearly,1
C0340,65,21,2363,6,1,Monthly,1
C0341,37,47,4940,8,0,Yearly,1
C0342,25,9,3572,6,2,Monthly,1
C0343,24,53,3624,10,5,Yearly,1
C0344,20,9,1827,2,4,Yearly,1
C0345,34,10,2908,10,2,Yearly,1
C0346,50,52,4173,0,1,Monthly,1
C0347,65,57,3791,7,5,Monthly,1
C0348,29,53,4533,2,3,Monthly,1
C0349,68,26,1203,7,0,Yearly,0
C0350,39,41,1074,7,4,Monthly,1
C0351,39,35,3732,4,3,Yearly,1
C0352,63,52,3132,0,5,Monthly,1
C0353,47,25,4328,9,5,Monthly,1
C0354,55,26,3730,6,2,Monthly,1
C0355,55,11,988,9,5,Monthly,1
C0356,62,38,1847,4,4,Monthly,0
C0357,68,2,4181,7,3,Monthly,1
C0358,25,7,3673,8,4,Yearly,1
C0359,44,18,2167,10,1,Monthly,1
C0360,44,27,2137,6,1,Monthly,1
C0361,51,34,4614,6,0,Yearly,0
C0362,38,27,4053,0,0,Yearly,0
C0363,47,17,1500,3,1,Yearly,0
C0364,50,43,1350,1,5,Monthly,1
C0365,45,59,1888,1,4,Yearly,0
C0366,64,44,4212,1,1,Yearly,1
C0367,50,59,1867,3,0,Monthly,0
C0368,22,51,1321,0,1,Monthly,1
C0369,65,54,954,3,5,Monthly,1
C0370,36,24,2124,1,1,Monthly,0
C0371,21,25,3272,4,4,Yearly,0
C0372,52,7,4226,2,3,Monthly,1
C0373,66,52,3647,7,5,Yearly,1
C0374,34,6,4589,3,0,Monthly,1
C0375,61,53,2690,0,4,Monthly,1
C0376,45,24,1416,0,1,Monthly,0
C0377,47,33,4486,9,1,Monthly,1
C0378,46,49,3375,2,3,Yearly,0
C0379,63,29,1940,8,0,Yearly,0
C0380,23,43,4900,6,0,Monthly,1
C0381,52,22,1235,1,2,Monthly,0
C0382,58,26,4068,8,0,Monthly,1
C0383,54,28,3838,9,3,Yearly,1
C0384,41,50,3515,1,2,Monthly,0
C0385,46,21,3389,2,2,Monthly,0
C0386,66,49,1461,10,1,Monthly,1
C0387,63,7,3489,9,1,Yearly,1
C0388,48,17,4348,1,0,Monthly,0
C0389,52,20,1526,2,2,Monthly,0
C0390,50,41,4365,5,1,Yearly,1
C0391,69,49,3363,8,3,Monthly,1
C0392,38,20,3001,8,1,Monthly,1
C0393,49,54,2447,6,5,Yearly,0
C0394,40,22,1677,2,5,Yearly,0
C0395,50,28,511,3,1,Monthly,1
C0396,20,40,4899,5,2,Monthly,1
C0397,35,49,3864,10,2,Monthly,1
C0398,42,7,3522,4,4,Yearly,1
C0399,59,1,3871,1,5,Monthly,1
C0400,48,32,3330,5,3,Yearly,1
C0401,20,13,542,2,2,Monthly,0
C0402,57,30,1443,7,0,Monthly,0
C0403,63,23,2890,1,5,Yearly,1
C0404,41,51,3045,0,3,Yearly,0
C0405,67,59,2911,8,3,Monthly,1
C0406,49,56,1504,2,2,Monthly,0
C0407,64,19,520,10,3,Monthly,1
C0408,39,32,906,0,2,Yearly,0
C0409,40,30,1514,6,1,Yearly,0
C0410,19,29,4931,9,5,Monthly,1
C0411,44,49,2338,4,4,Yearly,0
C0412,59,45,3688,4,1,Monthly,1
C0413,19,29,1214,0,5,Monthly,0
C0414,43,30,4646,8,2,Monthly,1
C0415,34,16,4354,6,5,Monthly,1
C0416,57,40,4919,7,2,Monthly,1
C0417,50,19,640,8,1,Monthly,1
C0418,26,18,1463,5,0,Monthly,1
C0419,60,1,872,4,0,Yearly,0
C0420,65,14,4135,5,5,Monthly,1
C0421,56,51,3041,10,0,Monthly,1
C0422,46,47,4110,1,2,Monthly,0
C0423,59,50,2192,3,3,Yearly,0
C0424,43,2,605,2,2,Monthly,1
C0425,52,54,2181,6,3,Monthly,1
C0426,67,28,4597,8,1,Yearly,0
C0427,42,49,4516,4,4,Monthly,1
C0428,41,50,3136,5,3,Monthly,1
C0429,30,30,2637,9,0,Yearly,0
C0430,24,38,3916,1,2,Monthly,1
C0431,53,51,4945,2,1,Monthly,0
C0432,62,4,4030,2,0,Monthly,1
C0433,37,1,1786,8,1,Monthly,1
C0434,18,8,3679,6,4,Monthly,1
C0435,25,29,4154,7,2,Monthly,1
C0436,63,55,2859,10,5,Monthly,1
C0437,33,39,944,9,2,Monthly,1
C0438,31,3,535,10,4,Yearly,1
C0439,29,32,1975,8,2,Monthly,1
C0440,68,10,4457,5,5,Monthly,1
C0441,40,10,2298,3,3,Yearly,1
C0442,32,19,2345,0,1,Yearly,0
C0443,45,46,1908,7,5,Monthly,1
C0444,51,34,2208,6,0,Yearly,0
C0445,19,60,3438,1,4,Monthly,1
C0446,49,33,1800,7,3,Monthly,1
C0447,40,23,1743,4,0,Yearly,0
C0448,39,55,4476,6,0,Monthly,1
C0449,68,28,3597,3,4,Monthly,1
C0450,42,32,509,4,3,Monthly,1
C0451,39,50,2925,7,0,Monthly,1
C0452,39,7,2160,0,0,Monthly,0
C0453,66,29,3131,0,3,Yearly,0
C0454,69,8,1572,3,2,Monthly,0
C0455,59,1,3725,2,0,Yearly,1
C0456,23,57,1816,9,1,Monthly,1
C0457,32,55,4645,1,3,Yearly,0
C0458,60,3,4183,2,0,Yearly,1
C0459,54,24,3773,10,4,Yearly,1
C0460,50,23,645,10,5,Monthly,1
C0461,25,59,3540,10,1,Monthly,1
C0462,61,8,1962,0,5,Monthly,1
C0463,61,54,2084,0,5,Yearly,0
C0464,22,57,982,5,0,Yearly,1
C0465,56,47,3679,4,1,Monthly,1
C0466,21,37,1749,7,1,Monthly,1
C0467,23,3,1130,1,2,Monthly,1
C0468,62,51,1161,3,5,Monthly,1
C0469,49,33,4003,7,1,Monthly,1
C0470,69,28,3352,5,2,Yearly,1
C0471,47,47,2966,0,3,Yearly,0
C0472,64,8,1487,3,2,Monthly,1
C0473,52,34,2046,0,4,Monthly,1
C0474,57,35,1149,1,0,Monthly,0
C0475,69,32,1468,4,3,Monthly,1
C0476,33,24,3137,7,3,Monthly,1
C0477,30,14,1600,7,4,Monthly,1
C0478,67,32,940,10,2,Yearly,0
C0479,59,56,1269,2,0,Monthly,0
C0480,47,46,1843,10,2,Monthly,1
C0481,36,43,4858,3,1,Yearly,1
C0482,34,16,4229,9,2,Yearly,0
C0483,36,4,4406,10,3,Monthly,1
C0484,45,52,2077,5,0,Monthly,1
C0485,43,37,4508,10,2,Monthly,1
C0486,54,54,3851,10,0,Yearly,0
C0487,43,21,2849,9,0,Yearly,1
C0488,40,14,4102,2,1,Yearly,1
C0489,26,31,1741,1,1,Monthly,0
C0490,29,55,1625,5,3,Yearly,1
C0491,18,48,3101,10,4,Monthly,1
C0492,18,18,1690,4,0,Monthly,0
C0493,64,7,4631,9,4,Monthly,1
C0494,51,10,4948,4,3,Monthly,1
C0495,49,7,572,9,0,Monthly,1
C0496,65,33,2414,4,0,Yearly,0
C0497,42,23,2972,9,5,Yearly,0
C0498,57,21,3546,4,4,Monthly,1
C0499,62,19,1207,2,2,Monthly,1
C0500,18,48,2304,6,1,Monthly,1
C0501,33,19,4213,5,2,Monthly,1
C0502,56,36,3064,3,4,Monthly,1
C0503,22,29,2975,1,1,Yearly,0
C0504,39,60,4110,8,2,Monthly,1
C0505,46,18,4755,0,5,Monthly,1
C0506,20,2,3323,10,1,Monthly,1
C0507,29,1,2235,3,0,Yearly,0
C0508,43,47,2085,0,2,Yearly,0
C0509,33,5,566,5,1,Yearly,0
C0510,68,20,3561,3,5,Yearly,1
C0511,54,11,2928,4,1,Monthly,1
C0512,39,42,4653,4,1,Monthly,1
C0513,46,2,841,8,5,Yearly,1
C0514,31,3,3274,0,2,Monthly,1
C0515,45,23,3317,1,3,Monthly,1
C0516,22,55,3161,5,2,Monthly,1
C0517,64,12,1732,4,4,Monthly,1
C0518,66,20,4374,10,5,Monthly,1
C0519,47,5,2901,6,2,Monthly,1
C0520,63,37,1994,2,1,Yearly,0
C0521,69,38,4711,2,5,Monthly,1
C0522,22,30,1161,9,0,Monthly,1
C0523,29,9,4383,1,2,Monthly,1
C0524,33,34,4119,2,5,Monthly,1
C0525,43,53,2368,9,2,Monthly,1
C0526,43,44,2834,0,5,Monthly,1
C0527,65,35,3874,4,1,Monthly,1
C0528,38,52,1516,4,0,Monthly,0
C0529,56,58,4906,10,0,Monthly,1
C0530,53,22,707,6,4,Monthly,1
C0531,50,44,3165,3,5,Monthly,1
C0532,47,24,2993,2,2,Monthly,1
C0533,54,17,1132,0,0,Monthly,1
C0534,40,10,2602,7,0,Monthly,1
C0535,27,30,3459,2,3,Monthly,1
C0536,22,56,3583,1,3,Monthly,1
C0537,53,59,2431,10,0,Monthly,1
C0538,51,46,4219,3,5,Yearly,1
C0539,69,23,3062,2,4,Yearly,0
C0540,48,32,2179,0,0,Yearly,0
C0541,27,17,736,2,1,Yearly,0
C0542,36,50,4943,1,2,Monthly,0
C0543,49,51,2040,7,4,Yearly,1
C0544,18,17,4443,5,1,Monthly,1
C0545,22,14,863,8,4,Monthly,1
C0546,62,9,2868,7,1,Monthly,1
C0547,21,40,785,9,2,Monthly,0
C0548,33,2,648,2,2,Yearly,1
C0549,41,45,4537,4,3,Monthly,1
C0550,33,25,2266,6,5,Yearly,0
C0551,19,39,1512,4,1,Monthly,1
C0552,66,9,3331,7,3,Monthly,1
C0553,45,54,3007,4,1,Monthly,1
C0554,49,22,2023,0,3,Monthly,1
C0555,44,43,3285,4,2,Yearly,0
C0556,37,46,3056,3,4,Monthly,1
C0557,41,4,4225,5,3,Monthly,1
C0558,29,26,2101,2,1,Yearly,0
C0559,67,58,2908,10,1,Monthly,0
C0560,52,29,840,4,5,Yearly,1
C0561,50,45,3317,1,2,Monthly,1
C0562,50,34,2996,10,1,Monthly,1
C0563,68,23,2225,5,0,Monthly,0
C0564,60,37,2189,5,4,Monthly,1
C0565,54,11,3767,4,3,Monthly,1
C0566,29,6,4906,5,5,Monthly,1
C0567,20,18,761,10,4,Yearly,1
C0568,18,21,1942,6,2,Yearly,0
C0569,50,42,905,4,5,Monthly,1
C0570,57,36,2690,0,3,Monthly,1
C0571,27,41,4937,7,3,Monthly,1
C0572,60,38,743,3,0,Monthly,1
C0573,61,34,4607,8,2,Yearly,1
C0574,46,17,1060,9,5,Monthly,1
C0575,30,37,4637,5,5,Monthly,1
C0576,29,25,3225,0,1,Monthly,0
C0577,48,38,1093,2,0,Yearly,0
C0578,63,58,2326,2,0,Monthly,0
C0579,19,12,3729,9,5,Monthly,1
C0580,68,23,3787,3,5,Monthly,1
C0581,67,53,4573,5,4,Monthly,1
C0582,52,42,633,6,4,Monthly,1
C0583,40,22,3638,9,4,Monthly,1
C0584,34,21,4419,3,0,Yearly,1
C0585,43,27,572,5,1,Monthly,0
C0586,25,57,4994,10,3,Monthly,1
C0587,46,31,4725,0,4,Yearly,1
C0588,43,6,3478,7,1,Yearly,1
C0589,27,27,4861,6,2,Monthly,1
C0590,43,40,2485,10,4,Monthly,1
C0591,51,34,1292,10,3,Monthly,1
C0592,68,12,4759,8,2,Yearly,0
C0593,58,45,594,2,2,Monthly,1
C0594,24,57,1633,1,3,Monthly,1
C0595,21,53,737,0,4,Monthly,1
C0596,67,7,3446,2,0,Monthly,1
C0597,62,10,3030,4,3,Monthly,1
C0598,28,45,2460,10,3,Monthly,1
C0599,46,17,1548,1,3,Monthly,1
C0600,53,26,3029,2,2,Monthly,1
C0601,42,21,3464,3,1,Monthly,0
C0602,38,28,1463,6,0,Monthly,1
C0603,53,58,1036,2,4,Monthly,0
C0604,27,46,4723,8,4,Monthly,1
C0605,54,2,4179,7,1,Monthly,1
C0606,26,60,4687,3,3,Yearly,0
C0607,41,54,4224,0,0,Yearly,0
C0608,52,43,1042,0,4,Yearly,0
C0609,66,1,1345,0,5,Monthly,1
C0610,52,51,4103,0,4,Monthly,1
C0611,65,53,3536,7,3,Monthly,1
C0612,53,36,2994,2,5,Monthly,0
C0613,35,51,4985,5,1,Monthly,1
C0614,66,26,3219,2,0,Yearly,0
C0615,56,29,2384,10,1,Monthly,1
C0616,49,21,4638,4,1,Monthly,1
C0617,41,11,4849,6,0,Yearly,1
C0618,40,40,3701,1,0,Yearly,0
C0619,49,11,3210,5,4,Yearly,1
C0620,54,36,2453,5,4,Monthly,1
C0621,29,49,4350,10,0,Monthly,1
C0622,66,59,1189,2,5,Monthly,1
C0623,30,39,2450,5,2,Monthly,0
C0624,40,40,956,9,4,Monthly,1
C0625,42,35,2630,9,2,Monthly,0
C0626,52,54,4476,4,5,Yearly,0
C0627,58,34,4744,1,0,Monthly,0
C0628,47,55,1679,8,5,Yearly,1
C0629,34,47,4785,7,4,Yearly,1
C0630,66,24,4065,2,1,Monthly,1
C0631,37,54,1382,7,0,Yearly,0
C0632,65,22,899,8,3,Monthly,1
C0633,42,5,1108,2,2,Monthly,1
C0634,39,56,2138,2,5,Yearly,1
C0635,30,33,2648,1,0,Monthly,1
C0636,36,58,1882,7,5,Yearly,0
C0637,66,36,1903,9,0,Monthly,0
C0638,53,47,1319,0,4,Monthly,0
C0639,29,20,3792,7,4,Monthly,1
C0640,58,19,1319,6,4,Monthly,1
C0641,36,35,919,6,5,Monthly,1
C0642,29,52,4719,2,3,Monthly,1
C0643,26,43,3802,0,4,Yearly,1
C0644,24,17,2008,3,0,Yearly,0
C0645,45,59,1267,8,4,Monthly,1
C0646,31,45,2544,4,1,Yearly,0
C0647,48,43,2639,0,4,Yearly,0
C0648,69,34,3529,4,5,Yearly,1
C0649,36,9,2049,7,3,Monthly,1
C0650,64,26,2264,7,1,Monthly,0
C0651,33,2,3145,4,5,Yearly,1
C0652,22,53,4216,8,5,Monthly,1
C0653,52,9,4981,0,5,Yearly,1
C0654,29,9,2793,3,0,Monthly,1
C0655,42,40,3208,2,5,Monthly,1
C0656,69,17,1400,1,0,Monthly,1
C0657,38,1,3584,7,5,Monthly,1
C0658,53,25,2509,6,2,Monthly,1
C0659,40,43,741,8,1,Yearly,0
C0660,33,40,2885,1,2,Monthly,1
C0661,56,42,4768,3,5,Yearly,0
C0662,62,25,1171,5,1,Yearly,0
C0663,59,39,663,10,1,Monthly,1
C0664,56,35,964,2,3,Yearly,0
C0665,31,3,3542,7,2,Yearly,1
C0666,48,50,2942,2,3,Yearly,0
C0667,22,37,2855,1,1,Yearly,0
C0668,52,44,4778,2,0,Yearly,0
C0669,40,44,3057,10,1,Monthly,1
C0670,46,51,1045,5,3,Monthly,1
C0671,60,30,4335,1,2,Yearly,1
C0672,28,38,1093,7,5,Monthly,1
C0673,35,34,4304,0,5,Monthly,1
C0674,64,12,1959,6,2,Monthly,1
C0675,29,19,3993,1,5,Yearly,1
C0676,26,37,3101,9,5,Monthly,1
C0677,27,44,2944,5,3,Yearly,0
C0678,61,59,3172,1,2,Monthly,1
C0679,34,59,4700,1,4,Monthly,1
C0680,55,49,516,9,0,Monthly,0
C0681,24,17,3691,7,0,Monthly,1
C0682,63,10,892,1,5,Yearly,1
C0683,30,57,924,6,0,Yearly,0
C0684,57,55,1071,2,2,Yearly,0
C0685,59,49,4131,7,2,Monthly,1
C0686,26,47,1620,6,1,Monthly,0
C0687,67,12,741,7,1,Yearly,0
C0688,44,16,4397,6,0,Yearly,0
C0689,19,24,4595,10,4,Monthly,1
C0690,22,19,2779,5,1,Monthly,0
C0691,46,8,1288,6,1,Monthly,1
C0692,54,31,1214,4,2,Yearly,0
C0693,55,21,3349,6,4,Monthly,1
C0694,36,17,1275,0,5,Monthly,1
C0695,25,23,4526,0,0,Monthly,0
C0696,65,37,2747,8,1,Yearly,0
C0697,62,54,578,4,4,Monthly,0
C0698,18,16,4426,4,4,Monthly,1
C0699,39,6,1355,2,0,Monthly,1
C0700,69,8,2648,4,4,Monthly,1
C0701,34,25,1531,2,4,Monthly,1
C0702,24,18,3771,8,4,Yearly,1
C0703,42,25,4076,8,1,Yearly,0
C0704,62,12,4682,5,0,Yearly,0
C0705,21,15,3956,0,4,Yearly,1
C0706,53,59,4006,6,4,Monthly,1
C0707,23,26,907,6,1,Yearly,0
C0708,48,41,3211,9,0,Monthly,1
C0709,36,45,3588,9,2,Yearly,0
C0710,61,26,2168,3,1,Yearly,0
C0711,56,47,647,7,0,Monthly,1
C0712,44,32,4827,5,4,Monthly,1
C0713,27,10,4397,3,0,Monthly,1
C0714,43,16,2450,3,0,Monthly,0
C0715,36,7,865,1,5,Monthly,1
C0716,56,17,2174,1,0,Yearly,0
C0717,20,23,4994,3,2,Yearly,0
C0718,62,26,3046,4,0,Monthly,1
C0719,30,21,1062,7,2,Monthly,0
C0720,67,22,4062,5,4,Monthly,1
C0721,45,58,2989,3,2,Yearly,0
C0722,37,7,1272,10,4,Monthly,1
C0723,45,14,2537,6,4,Monthly,1
C0724,25,15,3923,7,2,Monthly,1
C0725,58,53,3067,1,1,Monthly,1
C0726,56,7,2073,6,3,Monthly,1
C0727,18,9,4194,1,0,Yearly,0
C0728,20,51,3791,1,5,Monthly,1
C0729,30,48,1746,7,3,Yearly,1
C0730,45,8,4219,1,0,Monthly,1
C0731,66,50,4339,10,0,Yearly,0
C0732,42,59,859,8,4,Yearly,1
C0733,50,23,2876,0,0,Monthly,1
C0734,55,29,3509,8,5,Monthly,1
C0735,23,18,3493,0,0,Monthly,1
C0736,61,31,1462,9,2,Yearly,0
C0737,62,30,4132,9,3,Monthly,1
C0738,49,52,2327,1,2,Yearly,0
C0739,62,39,2113,5,5,Monthly,1
C0740,64,35,2140,5,0,Yearly,0
C0741,38,18,2716,0,5,Yearly,0
C0742,33,59,4812,6,4,Yearly,1
C0743,38,42,877,7,2,Monthly,1
C0744,28,39,4714,1,2,Monthly,1
C0745,54,17,4785,7,1,Yearly,0
C0746,53,14,869,8,0,Monthly,1
C0747,52,31,2696,5,4,Monthly,1
C0748,36,24,4247,4,2,Monthly,0
C0749,37,35,1151,8,2,Monthly,0
C0750,35,44,1269,10,4,Monthly,1
C0751,64,60,2921,8,5,Monthly,1
C0752,58,45,1280,0,5,Monthly,1
C0753,66,34,2216,10,0,Yearly,1
C0754,31,3,4483,2,1,Yearly,0
C0755,32,37,1811,8,2,Yearly,1
C0756,48,43,3859,10,1,Yearly,1
C0757,18,40,1022,1,5,Monthly,1
C0758,20,26,1021,3,5,Monthly,0
C0759,33,55,2820,3,3,Monthly,1
C0760,40,23,1435,1,0,Monthly,1
C0761,28,44,2730,2,3,Yearly,0
C0762,29,39,4540,2,3,Monthly,1
C0763,27,15,4197,0,3,Monthly,1
C0764,49,56,3337,5,0,Monthly,1
C0765,33,49,4583,7,0,Monthly,1
C0766,25,4,2961,2,4,Yearly,0
C0767,55,29,3743,4,1,Monthly,0
C0768,29,22,3859,0,1,Yearly,0
C0769,41,25,1185,9,4,Monthly,1
C0770,45,13,2660,6,4,Monthly,1
C0771,25,18,4488,9,5,Yearly,1
C0772,45,33,4566,0,3,Monthly,1
C0773,53,16,2067,10,4,Yearly,1
C0774,43,45,538,8,2,Yearly,0
C0775,25,42,3044,7,1,Yearly,1
C0776,67,44,1756,6,4,Yearly,0
C0777,45,2,3490,9,2,Monthly,1
C0778,45,55,2696,6,2,Yearly,1
C0779,54,35,3968,4,2,Monthly,1
C0780,58,42,3208,4,5,Yearly,1
C0781,53,34,801,10,5,Yearly,1
C0782,44,30,1146,4,2,Yearly,0
C0783,34,59,2259,0,5,Yearly,0
C0784,26,55,4851,7,3,Monthly,1
C0785,50,13,1097,10,2,Yearly,0
C0786,37,13,1161,0,3,Monthly,0
C0787,30,18,4830,3,3,Yearly,1
C0788,45,32,1868,8,2,Yearly,1
C0789,65,32,3081,8,1,Monthly,1
C0790,46,35,4368,4,2,Monthly,1
C0791,30,59,4037,3,2,Monthly,1
C0792,63,39,4808,2,5,Yearly,1
C0793,52,46,782,2,2,Monthly,0
C0794,23,52,4178,4,1,Monthly,1
C0795,35,29,1986,9,5,Monthly,1
C0796,68,49,4582,0,0,Yearly,0
C0797,22,29,4683,4,0,Monthly,0
C0798,64,53,960,5,3,Monthly,1
C0799,42,44,2825,6,3,Monthly,1
C0800,19,57,4254,8,1,Monthly,1
C0801,27,16,2968,2,4,Monthly,1
C0802,47,56,2224,1,0,Monthly,0
C0803,67,44,1876,2,3,Monthly,0
C0804,62,47,3243,8,0,Yearly,1
C0805,22,57,1014,6,1,Yearly,0
C0806,50,10,1202,8,1,Monthly,1
C0807,18,30,2153,1,4,Yearly,1
C0808,35,25,2566,4,4,Monthly,1
C0809,49,39,522,3,5,Monthly,0
C0810,64,20,2960,1,1,Monthly,1
C0811,66,5,1804,8,3,Monthly,1
C0812,28,1,3800,8,0,Monthly,1
C0813,38,30,861,5,2,Monthly,1
C0814,43,49,4227,10,4,Monthly,1
C0815,42,3,1784,5,2,Yearly,1
C0816,39,45,1014,7,3,Monthly,1
C0817,44,14,948,5,4,Monthly,1
C0818,66,56,2355,0,2,Monthly,0
C0819,30,30,4062,3,3,Monthly,1
C0820,50,50,3020,6,0,Monthly,1
C0821,51,4,3581,1,3,Monthly,1
C0822,58,18,1928,8,5,Yearly,0
C0823,52,37,4467,7,4,Monthly,1
C0824,18,25,1422,7,1,Monthly,1
C0825,38,48,3637,6,0,Yearly,0
C0826,65,1,2659,3,2,Monthly,1
C0827,23,53,3047,1,4,Monthly,1
C0828,45,46,3479,2,1,Yearly,1
C0829,34,15,2781,5,3,Monthly,1
C0830,22,9,3149,4,1,Monthly,1
C0831,48,15,813,7,4,Monthly,1
C0832,22,49,3113,5,4,Monthly,1
C0833,55,57,3583,5,5,Monthly,1
C0834,20,24,2756,0,5,Monthly,1
C0835,40,4,1537,3,1,Monthly,1
C0836,54,12,3989,4,3,Monthly,1
C0837,54,59,3134,10,1,Yearly,0
C0838,27,58,4483,2,4,Monthly,1
C0839,27,37,2278,8,4,Monthly,1
C0840,36,37,4395,0,2,Monthly,1
C0841,34,43,1624,5,5,Yearly,1
C0842,38,60,1197,5,2,Monthly,0
C0843,31,6,2679,9,0,Yearly,1
C0844,26,39,1904,4,4,Monthly,1
C0845,63,56,1543,4,2,Monthly,1
C0846,18,46,2429,9,1,Monthly,1
C0847,68,24,1513,4,5,Monthly,0
C0848,62,11,726,5,5,Monthly,1
C0849,30,13,2328,7,3,Monthly,1
C0850,21,34,2523,1,1,Monthly,0
C0851,18,25,2952,5,3,Monthly,1
C0852,66,7,2585,0,2,Yearly,1
C0853,57,52,4783,3,0,Yearly,1
C0854,49,4,1580,9,1,Monthly,1
C0855,51,59,2820,2,1,Monthly,0
C0856,45,8,3690,8,1,Monthly,1
C0857,48,20,3130,2,3,Yearly,1
C0858,25,29,3063,5,2,Monthly,1
C0859,56,54,3792,0,1,Yearly,0
C0860,43,53,4086,5,1,Monthly,1
C0861,51,51,4931,3,5,Monthly,1
C0862,20,45,3447,7,0,Monthly,1
C0863,67,46,4459,10,5,Yearly,1
C0864,29,10,3313,8,5,Monthly,1
C0865,18,43,3083,3,0,Monthly,1
C0866,61,34,661,9,2,Yearly,1
C0867,22,57,1093,9,5,Monthly,1
C0868,47,26,3759,5,2,Yearly,1
C0869,47,41,4655,0,5,Monthly,1
C0870,34,49,3462,3,4,Yearly,1
C0871,65,58,4388,6,0,Monthly,1
C0872,64,3,3890,0,5,Monthly,1
C0873,40,56,1163,7,4,Yearly,1
C0874,32,6,1632,9,3,Monthly,1
C0875,54,5,1041,10,4,Monthly,1
C0876,38,5,3474,5,1,Monthly,1
C0877,31,54,1367,4,5,Monthly,1
C0878,19,47,2566,9,4,Monthly,1
C0879,28,23,931,10,2,Monthly,0
C0880,68,49,4778,8,3,Monthly,1
C0881,56,9,1706,1,5,Monthly,1
C0882,55,35,3028,4,1,Monthly,1
C0883,51,20,1669,5,4,Monthly,1
C0884,55,58,1330,6,3,Yearly,0
C0885,67,49,2151,4,5,Yearly,1
C0886,51,59,1636,8,3,Yearly,1
C0887,35,42,3310,0,1,Monthly,0
C0888,47,35,975,6,4,Monthly,1
C0889,32,50,3310,9,3,Monthly,1
C0890,44,18,1826,6,3,Monthly,1
C0891,68,17,1519,3,0,Monthly,0
C0892,51,24,2336,8,3,Monthly,1
C0893,69,3,4756,10,0,Monthly,1
C0894,55,32,2948,4,4,Yearly,0
C0895,50,35,4793,3,5,Monthly,1
C0896,41,38,1783,6,5,Monthly,1
C0897,32,13,1159,3,4,Monthly,0
C0898,47,56,2510,2,4,Monthly,1
C0899,59,47,898,8,2,Yearly,0
C0900,68,25,2233,10,4,Monthly,1
C0901,34,9,2625,7,3,Monthly,1
C0902,22,4,2671,0,5,Monthly,1
C0903,46,14,574,6,1,Monthly,1
C0904,21,37,3971,8,5,Monthly,1
C0905,27,34,1336,7,0,Yearly,0
C0906,34,11,999,7,5,Yearly,1
C0907,27,41,637,5,2,Yearly,0
C0908,34,56,2597,10,4,Monthly,1
C0909,37,3,4196,3,4,Yearly,1
C0910,41,59,2385,7,5,Monthly,1
C0911,22,28,3257,2,1,Monthly,0
C0912,51,29,4420,8,1,Monthly,1
C0913,23,9,2400,1,2,Monthly,0
C0914,19,3,3110,1,0,Monthly,1
C0915,30,25,4486,6,5,Yearly,1
C0916,60,34,1949,9,4,Monthly,1
C0917,60,12,1046,3,5,Monthly,1
C0918,65,42,2503,9,2,Monthly,1
C0919,28,9,2596,7,3,Yearly,1
C0920,68,15,1203,8,3,Yearly,0
C0921,64,40,2903,6,2,Yearly,0
C0922,40,25,2125,4,4,Monthly,0
C0923,33,5,3831,7,2,Monthly,1
C0924,48,11,3478,3,4,Monthly,1
C0925,28,59,3339,1,1,Monthly,1
C0926,33,34,3884,10,2,Monthly,1
C0927,25,24,3159,5,4,Monthly,1
C0928,21,60,2361,8,2,Monthly,0
C0929,57,15,3356,0,2,Yearly,0
C0930,21,38,1185,10,4,Monthly,1
C0931,42,8,4783,9,4,Monthly,1
C0932,20,59,2119,6,0,Monthly,1
C0933,49,5,1931,9,2,Yearly,1
C0934,20,48,1375,8,3,Yearly,0
C0935,44,26,2961,9,2,Yearly,0
C0936,46,18,1865,8,2,Yearly,0
C0937,49,6,1743,9,4,Monthly,1
C0938,67,37,662,10,2,Monthly,1
C0939,68,60,2474,2,5,Monthly,1
C0940,36,48,3791,10,2,Monthly,1
C0941,38,13,769,4,5,Monthly,0
C0942,22,28,1131,7,3,Monthly,1
C0943,35,5,1405,7,4,Yearly,1
C0944,45,13,3971,3,2,Yearly,0
C0945,59,17,3753,10,5,Yearly,1
C0946,39,50,2514,10,5,Yearly,1
C0947,38,40,2141,0,5,Yearly,0
C0948,23,45,704,0,1,Monthly,0
C0949,18,32,1081,3,0,Monthly,0
C0950,22,29,1340,5,3,Yearly,0
C0951,58,51,2219,7,2,Yearly,0
C0952,29,58,3143,5,1,Monthly,1
C0953,43,3,2797,8,2,Yearly,0
C0954,63,56,1374,8,2,Monthly,1
C0955,51,40,1189,1,4,Monthly,1
C0956,66,34,4500,9,4,Yearly,1
C0957,31,40,3641,0,4,Monthly,1
C0958,43,27,1922,1,1,Monthly,1
C0959,62,13,1171,4,2,Monthly,0
C0960,44,45,1671,3,0,Yearly,0
C0961,26,33,4226,3,3,Monthly,1
C0962,43,6,1443,8,4,Yearly,1
C0963,64,24,1949,10,4,Monthly,1
C0964,39,19,4237,7,2,Monthly,1
C0965,64,16,3039,5,2,Yearly,0
C0966,47,40,4459,0,1,Monthly,1
C0967,60,28,4760,1,1,Yearly,1
C0968,65,33,2861,5,4,Monthly,1
C0969,34,59,4152,10,2,Yearly,0
C0970,43,59,4170,1,0,Monthly,1
C0971,53,48,2253,9,3,Monthly,1
C0972,18,41,2852,4,2,Monthly,0
C0973,25,13,2438,4,2,Monthly,1
C0974,66,43,870,5,5,Monthly,1
C0975,52,45,4979,5,1,Monthly,1
C0976,69,25,2431,5,3,Monthly,1
C0977,32,53,924,1,4,Monthly,1
C0978,64,42,1394,9,2,Monthly,1
C0979,39,36,1097,2,4,Yearly,1
C0980,31,27,3562,5,2,Monthly,1
C0981,43,38,2836,7,4,Monthly,1
C0982,45,60,2187,10,3,Monthly,1
C0983,40,7,1072,0,1,Yearly,1
C0984,31,5,2590,0,3,Monthly,1
C0985,41,43,4169,10,5,Yearly,1
C0986,19,45,4772,1,0,Yearly,0
C0987,62,58,2133,10,1,Yearly,0
C0988,43,57,2017,5,3,Monthly,1
C0989,31,51,4793,8,5,Monthly,1
C0990,68,31,3157,3,0,Yearly,0
C0991,24,23,4148,2,5,Monthly,1
C0992,20,42,4088,7,2,Monthly,1
C0993,64,10,2037,10,2,Monthly,1
C0994,40,32,3637,9,4,Yearly,1
C0995,63,43,597,8,1,Monthly,1
C0996,60,53,3715,10,2,Yearly,0
C0997,64,30,4250,4,5,Monthly,1
C0998,62,39,3657,8,1,Monthly,1
C0999,35,31,843,1,2,Monthly,0
C1000,55,18,1110,2,4,Monthly,1
